method,qid,gold_contradicting_sources,initial_contradiction_recall,expanded_contradiction_recall,budget_matched_original_recall,expanded_unique_sources
bm25,171,1,1.0,1.0,1.0,5
bm25,42,1,1.0,1.0,1.0,6
bm25,1382,1,0.0,0.0,1.0,8
bm25,1029,3,0.6666666666666666,0.6666666666666666,0.6666666666666666,5
bm25,1221,1,0.0,0.0,0.0,10
bm25,1144,1,1.0,1.0,1.0,11
bm25,216,1,1.0,1.0,1.0,8
bm25,1370,1,1.0,1.0,1.0,8
bm25,142,1,1.0,1.0,1.0,6
bm25,692,1,1.0,1.0,1.0,7
bm25,1041,1,1.0,1.0,1.0,6
dense,171,1,1.0,1.0,1.0,5
dense,42,1,1.0,1.0,1.0,5
dense,1382,1,1.0,1.0,1.0,6
dense,1029,3,1.0,1.0,1.0,6
dense,1221,1,0.0,1.0,1.0,9
dense,1144,1,1.0,1.0,1.0,5
dense,216,1,1.0,1.0,1.0,6
dense,1370,1,1.0,1.0,1.0,6
dense,142,1,1.0,1.0,1.0,5
dense,692,1,1.0,1.0,1.0,6
dense,1041,1,0.0,0.0,1.0,5
hybrid,171,1,1.0,1.0,1.0,5
hybrid,42,1,1.0,1.0,1.0,7
hybrid,1382,1,0.0,0.0,1.0,7
hybrid,1029,3,0.6666666666666666,0.6666666666666666,1.0,8
hybrid,1221,1,0.0,0.0,0.0,5
hybrid,1144,1,1.0,1.0,1.0,6
hybrid,216,1,1.0,1.0,1.0,7
hybrid,1370,1,1.0,1.0,1.0,6
hybrid,142,1,1.0,1.0,1.0,7
hybrid,692,1,1.0,1.0,1.0,6
hybrid,1041,1,1.0,1.0,1.0,6
