case,query,decision,generation_mode,claims,runtime_seconds,ablation_tests,final_answer
supported,Does antiretroviral therapy reduce tuberculosis incidence?,ABSTAIN,local-flan-t5-small,1,18.59556129993871,0,I could not retrieve sufficiently robust evidence from this corpus to answer this claim confidently.
claim-support,Antiretroviral therapy has substantial potential to prevent HIV-associated tuberculosis.,QUALIFY,user-claim,1,8.492551499977708,1,Evidence is fragile or wording-sensitive: Antiretroviral therapy has substantial potential to prevent HIV-associated tuberculosis. [4883040]
domain-limitation,Activation of PPM1D suppresses p53 function.,ABSTAIN,user-claim,1,14.17882169992663,0,I could not retrieve sufficiently robust evidence from this corpus to answer this claim confidently.
counter-claim,Antiretroviral therapy has no potential to prevent HIV-associated tuberculosis.,REWRITE,user-claim,1,20.51644999999553,0,"The proposed claim is not retained. Source [4883040] reports: ""Antiretroviral therapy has substantial potential to prevent HIV-associated tuberculosis."""
contradiction,Transplanted human glial progenitor cells are incapable of forming a neural network with host animals' neurons.,REWRITE,user-claim,1,17.92744500003755,0,"The proposed claim is not retained. Source [803312] reports: ""These include a cerebral cortex containing progenitor populations that organize and produce mature cortical neuron subtypes."""
unanswerable,What is the certified wingspan of the invisible blue dragon on planet Zorblax-99?,ABSTAIN,local-flan-t5-small,3,104.91063979989849,2,"I could not retrieve sufficiently robust evidence from this corpus to answer this claim confidently.

I could not retrieve sufficiently robust evidence from this corpus to answer this claim confidently.

I could not retrieve sufficiently robust evidence from this corpus to answer this claim confidently.

Additional generated sentences were omitted because they were not audited."
