method,qid,removed,annotated_alternatives,alternative_recall,removed_absent
bm25,236,4388470,0,,True
bm25,171,12670680,0,,True
bm25,42,18174210,0,,True
bm25,1029,11899391,2,0.5,True
bm25,1194,11419230,0,,True
bm25,1144,10071552,0,,True
bm25,216,21366394,0,,True
bm25,691,10991183,0,,True
bm25,507,30774694,0,,True
bm25,1335,27910499,0,,True
bm25,593,19675911,0,,True
bm25,845,17741440,0,,True
bm25,1290,4687948,0,,True
bm25,1187,52873726,0,,True
bm25,644,13619127,0,,True
bm25,1370,2425364,0,,True
bm25,142,10582939,0,,True
bm25,53,45638119,0,,True
bm25,1362,8290953,0,,True
bm25,785,12471115,0,,True
bm25,362,38587347,0,,True
bm25,411,14924526,0,,True
bm25,230,3067015,0,,True
bm25,692,24088502,0,,True
bm25,1100,7662206,0,,True
bm25,1099,7662206,0,,True
bm25,275,4961038,2,0.0,True
bm25,1019,11603066,0,,True
bm25,113,6157837,0,,True
bm25,1041,25254425,1,0.0,True
bm25,641,5912283,1,0.0,True
bm25,1385,306006,0,,True
bm25,967,2119889,1,1.0,True
bm25,146,10582939,0,,True
bm25,742,32159283,0,,True
dense,236,4388470,0,,True
dense,171,12670680,0,,True
dense,42,18174210,0,,True
dense,1382,17755060,0,,True
dense,1029,11899391,2,1.0,True
dense,1194,11419230,0,,True
dense,1144,10071552,0,,True
dense,216,21366394,0,,True
dense,507,30774694,0,,True
dense,1335,27910499,0,,True
dense,593,19675911,0,,True
dense,845,17741440,0,,True
dense,1290,4687948,0,,True
dense,1187,52873726,0,,True
dense,1370,2425364,0,,True
dense,142,10582939,0,,True
dense,53,45638119,0,,True
dense,1241,4427392,0,,True
dense,362,38587347,0,,True
dense,411,14924526,0,,True
dense,230,3067015,0,,True
dense,440,4423559,0,,True
dense,692,24088502,0,,True
dense,1100,7662206,0,,True
dense,535,39368721,0,,True
dense,1099,7662206,0,,True
dense,275,4961038,2,1.0,True
dense,113,6157837,0,,True
dense,956,12956194,0,,True
dense,641,5912283,1,1.0,True
dense,1385,306006,0,,True
dense,967,8997410,1,1.0,True
dense,146,10582939,0,,True
hybrid,236,4388470,0,,True
hybrid,171,12670680,0,,True
hybrid,554,1049501,0,,True
hybrid,42,18174210,0,,True
hybrid,1029,11899391,2,0.5,True
hybrid,1194,11419230,0,,True
hybrid,1144,10071552,0,,True
hybrid,216,21366394,0,,True
hybrid,691,10991183,0,,True
hybrid,507,30774694,0,,True
hybrid,1335,27910499,0,,True
hybrid,593,19675911,0,,True
hybrid,845,17741440,0,,True
hybrid,1290,4687948,0,,True
hybrid,1187,52873726,0,,True
hybrid,644,13619127,0,,True
hybrid,1370,2425364,0,,True
hybrid,142,10582939,0,,True
hybrid,53,45638119,0,,True
hybrid,785,12471115,0,,True
hybrid,362,38587347,0,,True
hybrid,411,14924526,0,,True
hybrid,230,3067015,0,,True
hybrid,440,4423559,0,,True
hybrid,692,24088502,0,,True
hybrid,1100,7662206,0,,True
hybrid,1099,7662206,0,,True
hybrid,275,4961038,2,0.0,True
hybrid,1019,11603066,0,,True
hybrid,113,6157837,0,,True
hybrid,956,12956194,0,,True
hybrid,1041,25254425,1,0.0,True
hybrid,641,5912283,1,1.0,True
hybrid,1385,306006,0,,True
hybrid,967,2119889,1,1.0,True
hybrid,146,10582939,0,,True
hybrid,742,32159283,0,,True
