method,qid,jaccard
bm25,236,0.5873015873015873
bm25,171,1.0
bm25,554,1.0
bm25,42,0.6984126984126985
bm25,1382,0.8888888888888888
bm25,1029,0.8888888888888888
bm25,1221,0.30952380952380953
bm25,1194,0.42857142857142855
bm25,13,0.7777777777777777
bm25,1144,0.5873015873015873
bm25,216,0.38888888888888884
bm25,431,0.7777777777777777
bm25,691,0.7777777777777777
bm25,507,0.7777777777777777
bm25,1335,0.8888888888888888
bm25,593,0.6666666666666666
bm25,845,1.0
bm25,1290,0.7777777777777777
bm25,1187,0.8888888888888888
bm25,775,0.7777777777777777
bm25,644,0.6984126984126985
bm25,1370,0.6666666666666666
bm25,142,0.8888888888888888
bm25,53,0.6190476190476191
bm25,1241,0.5873015873015873
bm25,1362,0.5873015873015873
bm25,785,0.6984126984126985
bm25,768,0.36904761904761907
bm25,362,0.6190476190476191
bm25,411,0.8888888888888888
bm25,230,0.38888888888888884
bm25,440,0.4484126984126984
bm25,692,0.7777777777777777
bm25,1100,0.5873015873015873
bm25,1175,0.5873015873015873
bm25,820,0.2632275132275132
bm25,1,0.07407407407407407
bm25,535,0.42857142857142855
bm25,1099,0.5873015873015873
bm25,275,0.6666666666666666
bm25,1199,0.5079365079365079
bm25,1019,0.7777777777777777
bm25,113,1.0
bm25,956,0.7777777777777777
bm25,1041,0.8888888888888888
bm25,641,0.5873015873015873
bm25,1385,0.5873015873015873
bm25,967,1.0
bm25,146,0.8888888888888888
bm25,742,0.36904761904761907
dense,236,1.0
dense,171,1.0
dense,554,0.5873015873015873
dense,42,1.0
dense,1382,0.6666666666666666
dense,1029,0.8888888888888888
dense,1221,0.5873015873015873
dense,1194,1.0
dense,13,0.42857142857142855
dense,1144,0.8888888888888888
dense,216,0.8888888888888888
dense,431,0.6666666666666666
dense,691,0.8888888888888888
dense,507,0.6666666666666666
dense,1335,0.6666666666666666
dense,593,1.0
dense,845,1.0
dense,1290,0.7777777777777777
dense,1187,0.7777777777777777
dense,775,1.0
dense,644,0.36904761904761907
dense,1370,0.6666666666666666
dense,142,1.0
dense,53,0.5079365079365079
dense,1241,1.0
dense,1362,0.6666666666666666
dense,785,1.0
dense,768,0.42857142857142855
dense,362,0.8888888888888888
dense,411,0.7777777777777777
dense,230,0.8888888888888888
dense,440,1.0
dense,692,0.5873015873015873
dense,1100,0.5873015873015873
dense,1175,0.5132275132275131
dense,820,0.36904761904761907
dense,1,0.5873015873015873
dense,535,0.5079365079365079
dense,1099,0.7777777777777777
dense,275,0.6666666666666666
dense,1199,0.7777777777777777
dense,1019,0.8888888888888888
dense,113,0.8888888888888888
dense,956,0.7777777777777777
dense,1041,1.0
dense,641,1.0
dense,1385,0.6666666666666666
dense,967,0.6666666666666666
dense,146,1.0
dense,742,0.1574074074074074
hybrid,236,0.42857142857142855
hybrid,171,1.0
hybrid,554,0.8888888888888888
hybrid,42,0.6666666666666666
hybrid,1382,0.7777777777777777
hybrid,1029,0.7777777777777777
hybrid,1221,0.8095238095238094
hybrid,1194,0.6666666666666666
hybrid,13,0.5873015873015873
hybrid,1144,1.0
hybrid,216,0.7777777777777777
hybrid,431,0.5873015873015873
hybrid,691,1.0
hybrid,507,0.6666666666666666
hybrid,1335,0.6666666666666666
hybrid,593,1.0
hybrid,845,1.0
hybrid,1290,0.6666666666666666
hybrid,1187,0.6666666666666666
hybrid,775,0.6666666666666666
hybrid,644,0.4484126984126984
hybrid,1370,0.8888888888888888
hybrid,142,0.7777777777777777
hybrid,53,0.8888888888888888
hybrid,1241,0.8888888888888888
hybrid,1362,0.5873015873015873
hybrid,785,0.7777777777777777
hybrid,768,0.30952380952380953
hybrid,362,1.0
hybrid,411,0.5079365079365079
hybrid,230,0.8095238095238094
hybrid,440,0.8888888888888888
hybrid,692,0.6666666666666666
hybrid,1100,0.5079365079365079
hybrid,1175,0.38888888888888884
hybrid,820,1.0
hybrid,1,0.30952380952380953
hybrid,535,0.5079365079365079
hybrid,1099,0.7777777777777777
hybrid,275,0.7777777777777777
hybrid,1199,0.7777777777777777
hybrid,1019,0.5873015873015873
hybrid,113,0.8888888888888888
hybrid,956,0.5873015873015873
hybrid,1041,0.6666666666666666
hybrid,641,0.8888888888888888
hybrid,1385,0.6666666666666666
hybrid,967,0.6666666666666666
hybrid,146,0.7777777777777777
hybrid,742,0.42857142857142855
