qid,source,gold,predicted,correct,support,contradiction
692,24088502,CONTRADICT,NEUTRAL,False,0.0025361606385558844,0.1334199756383896
1320,16284655,CONTRADICT,CONTRADICT,True,0.00047418876783922315,0.9840461611747742
1202,3475317,SUPPORT,NEUTRAL,False,0.4829128086566925,0.003019678173586726
130,27768226,SUPPORT,NEUTRAL,False,0.03708348423242569,0.004773722495883703
1107,20532591,SUPPORT,NEUTRAL,False,0.6462469100952148,0.005246744491159916
70,5956380,SUPPORT,SUPPORT,True,0.8501375317573547,0.10861000418663025
70,4414547,SUPPORT,NEUTRAL,False,0.7471020221710205,0.12133780121803284
148,1084345,SUPPORT,NEUTRAL,False,0.05288461968302727,0.7460650205612183
248,1568684,SUPPORT,NEUTRAL,False,0.10221745818853378,0.02858319692313671
217,21366394,SUPPORT,NEUTRAL,False,0.7812178730964661,0.05919349938631058
1266,37480103,SUPPORT,NEUTRAL,False,0.003836599877104163,0.006620953790843487
723,5531479,SUPPORT,NEUTRAL,False,0.010140630416572094,0.018621621653437614
298,39381118,SUPPORT,NEUTRAL,False,0.0076318057253956795,0.02159445360302925
1339,15482274,CONTRADICT,CONTRADICT,True,0.003828501095995307,0.9880687594413757
985,6828370,SUPPORT,NEUTRAL,False,0.0038884016685187817,0.010290071368217468
982,2988714,SUPPORT,NEUTRAL,False,0.011613118462264538,0.012091209180653095
729,26851674,SUPPORT,NEUTRAL,False,0.731951117515564,0.01530115120112896
1370,2425364,CONTRADICT,CONTRADICT,True,0.0027235522866249084,0.8985418677330017
1140,12009265,CONTRADICT,NEUTRAL,False,0.002484326483681798,0.029781006276607513
57,4709641,CONTRADICT,NEUTRAL,False,0.12625104188919067,0.718081533908844
805,22180793,SUPPORT,NEUTRAL,False,0.0019372875103726983,0.004143669735640287
525,13639330,SUPPORT,NEUTRAL,False,0.0032039557117968798,0.01410165335983038
1216,24142891,SUPPORT,NEUTRAL,False,0.025781022384762764,0.002240588190034032
1382,17755060,CONTRADICT,NEUTRAL,False,0.0020827448461204767,0.01414653193205595
589,10984005,SUPPORT,NEUTRAL,False,0.004656294360756874,0.01046912744641304
183,12827098,CONTRADICT,NEUTRAL,False,0.2244703769683838,0.1677592396736145
532,12991445,CONTRADICT,NEUTRAL,False,0.006764914840459824,0.08165567368268967
415,6309659,SUPPORT,NEUTRAL,False,0.005192978773266077,0.006031031254678965
536,16056514,SUPPORT,SUPPORT,True,0.931605875492096,0.03234289214015007
1298,11718220,SUPPORT,NEUTRAL,False,0.004900248255580664,0.15364184975624084
1352,12885341,SUPPORT,NEUTRAL,False,0.00932459719479084,0.019219117239117622
143,10582939,SUPPORT,NEUTRAL,False,0.005230218172073364,0.0062803602777421474
1089,17628888,SUPPORT,NEUTRAL,False,0.008310040459036827,0.03506556898355484
275,4961038,SUPPORT,NEUTRAL,False,0.042754027992486954,0.021133726462721825
275,14241418,SUPPORT,NEUTRAL,False,0.07233531028032303,0.07219336926937103
882,14803797,CONTRADICT,NEUTRAL,False,0.14151637256145477,0.6554970145225525
279,14376683,SUPPORT,NEUTRAL,False,0.007581723853945732,0.01506365742534399
171,12670680,CONTRADICT,CONTRADICT,True,0.00707987742498517,0.8019737601280212
501,17930286,SUPPORT,NEUTRAL,False,0.2454756498336792,0.5967187881469727
1187,52873726,SUPPORT,NEUTRAL,False,0.09166080504655838,0.017120176926255226
49,5953485,SUPPORT,NEUTRAL,False,0.007818851619958878,0.0335373729467392
1132,33499189,SUPPORT,CONTRADICT,False,0.009202062152326107,0.8733314275741577
597,12779444,SUPPORT,SUPPORT,True,0.9588785171508789,0.005294427275657654
597,36355784,SUPPORT,NEUTRAL,False,0.060836877673864365,0.01978014037013054
597,25742130,SUPPORT,NEUTRAL,False,0.0015136494766920805,0.004924562759697437
142,10582939,CONTRADICT,NEUTRAL,False,0.006080400664359331,0.3320103883743286
1290,4687948,SUPPORT,CONTRADICT,False,0.0056247408501803875,0.9767285585403442
1273,11041152,SUPPORT,SUPPORT,True,0.9272240400314331,0.005792677402496338
598,25742130,CONTRADICT,NEUTRAL,False,0.0010295193642377853,0.27808812260627747
53,45638119,SUPPORT,SUPPORT,True,0.9906929135322571,0.001406384166330099
